match_id,raw_match_id,season_start_year,matchday,gameweek,kickoff_at,home_team_id,away_team_id,home_team,away_team,home_matches_played_before,away_matches_played_before,home_previous_season_matches,away_previous_season_matches,home_has_prior_pl_history,away_has_prior_pl_history,home_points_last_5,home_points_per_game_last_5,home_goals_for_avg_last_5,home_goals_against_avg_last_5,home_xg_for_avg_last_5,home_xg_against_avg_last_5,away_points_last_5,away_points_per_game_last_5,away_goals_for_avg_last_5,away_goals_against_avg_last_5,away_xg_for_avg_last_5,away_xg_against_avg_last_5,home_points_last_10,home_points_per_game_last_10,home_goals_for_avg_last_10,home_goals_against_avg_last_10,home_xg_for_avg_last_10,home_xg_against_avg_last_10,away_points_last_10,away_points_per_game_last_10,away_goals_for_avg_last_10,away_goals_against_avg_last_10,away_xg_for_avg_last_10,away_xg_against_avg_last_10,home_goals_for_avg_home_last_5,home_goals_against_avg_home_last_5,home_xg_for_avg_home_last_5,home_xg_against_avg_home_last_5,away_goals_for_avg_away_last_5,away_goals_against_avg_away_last_5,away_xg_for_avg_away_last_5,away_xg_against_avg_away_last_5,home_rest_days,away_rest_days,home_matches_last_14_days,away_matches_last_14_days,home_table_position,away_table_position,home_points_per_game,away_points_per_game,home_total_points_before,away_total_points_before,home_attack_strength,home_defence_strength,away_attack_strength,away_defence_strength,h2h_matches,h2h_home_team_win_rate,h2h_draw_rate,h2h_avg_total_goals,home_goals,away_goals,home_xg,away_xg,is_completed,outcome
36353c3c-9690-47e1-9541-77d90c0bb4e5,3e905cc4-23a7-4c51-9c14-b8e3eb55005f,2026,1,1,2026-08-21T19:00:00+00:00,ead1bc2e-8799-410a-a809-66a274bbab2c,d95bc61c-17e5-44b5-bdb9-ec10e55d1aea,Arsenal FC,Coventry City FC,76,0,76,0,1.0,0.0,15.0,3.0,1.6,0.2,2.2586,0.8170999999999999,0.0,0.0,0.0,0.0,0.0,0.0,24.0,2.4,1.5,0.6,2.08855,1.15458,0.0,0.0,0.0,0.0,0.0,0.0,1.6,0.4,2.20582,0.8667200000000002,0.0,0.0,0.0,0.0,89.16666666666667,7.0,0,0,0.0,0.0,0.0,0.0,0.0,0.0,1.0555555555555556,0.4222222222222222,0.9500000000000001,0.9500000000000001,0.0,0.0,0.0,0.0,3.0,0.0,1.8542,0.5583,1.0,H
c24b1201-c3ce-489b-a9bb-08955367fee5,d96c34fd-15d3-4c12-923d-d4edfc2b379b,2026,1,1,2026-08-22T11:30:00+00:00,f7968242-f357-4da3-84bc-b49a6f3af9fe,48fc005c-cbfc-4e4d-b7f1-459dce6cf940,Hull City AFC,Manchester United FC,0,76,0,76,0.0,1.0,0.0,0.0,0.0,0.0,0.0,0.0,13.0,2.6,2.2,1.0,2.3109200000000003,1.22322,0.0,0.0,0.0,0.0,0.0,0.0,20.0,2.0,1.9,1.2,1.85858,1.52921,0.0,0.0,0.0,0.0,1.4,0.8,1.37042,1.39082,7.0,89.85416666666667,0,0,0.0,0.0,0.0,0.0,0.0,0.0,0.9499306518723994,0.9499306518723994,1.336939435968562,0.844382801664355,0.0,0.0,0.0,0.0,2.0,0.0,1.4963,1.7787,1.0,H
44ffba5c-c1e2-4099-8774-67a72f14e9cf,2ae5b725-6854-4f56-8b15-5fb1ddcf877a,2026,1,1,2026-08-22T14:00:00+00:00,67d3236c-6589-4978-b178-f6dcf50166d4,076f94c9-341e-4294-a86a-076741505170,Ipswich Town FC,Sunderland AFC,38,38,38,38,1.0,1.0,1.0,0.2,0.6,2.2,0.85016,1.60012,8.0,1.6,1.2,1.6,1.2781600000000002,1.2564199999999999,5.0,0.5,1.0,2.4,0.8852499999999999,1.9835,17.0,1.7,1.3,1.4,1.38963,1.44839,0.8,2.8,0.63932,1.84372,2.0,1.4,1.4556799999999999,1.86812,453.9583333333333,89.95833333333333,0,0,0.0,0.0,0.0,0.0,0.0,0.0,0.7039260969976905,1.689422632794457,0.9151039260969976,0.9854965357967667,0.0,0.0,0.0,0.0,2.0,1.0,1.5845,1.1774,1.0,H
207d68c5-2fd5-4d91-b259-9e9000474c67,a2bd115a-e84b-4972-8354-d5ca6a80d232,2026,1,1,2026-08-22T14:00:00+00:00,5421e81a-b7dd-48b1-9982-42644e8dcf9f,fe8b4d06-9254-4fc8-a08f-90f242e51751,Nottingham Forest FC,Leeds United FC,76,38,76,38,1.0,1.0,8.0,1.6,2.4,1.2,1.84386,2.01168,8.0,1.6,1.4,1.4,1.57576,1.76048,17.0,1.7,2.2,1.0,1.51138,1.73023,16.0,1.6,1.2,0.9,1.6829100000000001,1.24079,1.4,0.8,1.32736,1.1771800000000001,1.0,1.4,1.8244599999999997,1.6052399999999998,89.95833333333333,89.95833333333333,0,0,0.0,0.0,0.0,0.0,0.0,0.0,1.5485239852398525,0.7038745387453874,0.8446494464944648,0.6334870848708487,2.0,0.5,0.0,4.0,0.0,1.0,0.6567,0.4662,1.0,A
40c0dcd6-1776-4c03-a59a-ea20c28d11d9,6ec98134-76b0-4885-bd0f-821e4b23b7f5,2026,1,1,2026-08-22T14:00:00+00:00,60cb8be0-9c1e-4019-8b60-fd9ac2aa9f2d,74bd08fa-27db-4bb0-8490-f57f6ed6b8e9,Everton FC,Crystal Palace FC,76,76,76,76,1.0,1.0,2.0,0.4,1.4,2.2,1.2986,1.84616,2.0,0.4,1.0,2.4,1.44462,2.36158,9.0,0.9,1.5,1.7,1.3324,1.68993,10.0,1.0,1.1,1.7,1.57353,1.7585799999999998,2.0,1.6,1.41792,1.23956,1.2,2.4,1.40884,1.70912,89.95833333333333,89.95833333333333,0,0,0.0,0.0,0.0,0.0,0.0,0.0,1.0567081604426003,1.197602581834947,0.774919317657907,1.197602581834947,4.0,0.75,0.25,3.25,2.0,0.0,1.4509,2.231,1.0,H
0e4211f3-cd81-4658-be3c-e46dd285f468,41edbe62-e299-4584-bdbe-cf583914eb14,2026,1,1,2026-08-22T16:30:00+00:00,66a313d1-2e21-49ad-a1c7-6f04cae6be69,c23d6b7a-dfaf-44a3-b016-1feb2dddec44,Brentford FC,Tottenham Hotspur FC,76,76,76,76,1.0,1.0,5.0,1.0,1.4,1.6,1.45078,2.3587,10.0,2.0,1.2,0.8,1.4469999999999998,0.9206200000000001,10.0,1.0,1.1,1.2,1.5624500000000001,1.8689900000000002,12.0,1.2,1.0,1.4,1.3882999999999999,1.22763,1.8,1.2,2.24288,1.3476,1.0,1.0,1.3022,1.1082800000000002,90.0625,90.0625,0,0,0.0,0.0,0.0,0.0,0.0,0.0,0.775218793182865,0.8456932289267618,0.7047443574389682,0.9866421004145554,4.0,0.0,0.25,2.0,3.0,0.0,4.0416,0.7563,1.0,H
c73446f4-9619-4519-b93f-5391e3bc5cf7,091f02bc-2abf-46b2-95fb-ad7b77d96115,2026,1,1,2026-08-23T13:00:00+00:00,33d2f100-682f-4a5e-9aa3-5cc57e1e8571,6601a105-9986-4276-89bf-143cdf03198a,Manchester City FC,AFC Bournemouth,76,76,76,76,1.0,1.0,8.0,1.6,2.2,1.2,2.07966,1.38782,9.0,1.8,1.6,0.8,1.65192,1.29306,19.0,1.9,2.0,1.0,2.35121,1.3149000000000002,18.0,1.8,1.4,0.8,1.9474900000000002,1.5336500000000002,2.2,1.0,2.61078,1.4129200000000002,1.2,0.6,1.89316,1.9507999999999999,90.91666666666667,90.91666666666667,0,0,0.0,0.0,0.0,0.0,0.0,0.0,1.4093836246550138,0.7046918123275069,0.9865685372585097,0.5637534498620056,4.0,0.5,0.25,3.25,2.0,1.0,2.4744,0.7075,1.0,H
cf9f4ccc-60f1-4d28-9041-6ff7be4b9838,1bc8ddb6-998d-429e-afc6-7cdd9bd8dfd3,2026,1,1,2026-08-23T13:00:00+00:00,db14882b-951f-4db5-860b-4ca2b8583311,f8f456e7-3e20-4803-ba4e-b1762a31812c,Brighton & Hove Albion FC,Aston Villa FC,76,76,76,76,1.0,1.0,6.0,1.2,1.4,1.4,1.9096,1.40386,7.0,1.4,1.8,1.6,1.6471,1.4013,16.0,1.6,1.4,1.1,1.7234200000000002,1.15225,14.0,1.4,1.8,1.9,1.82652,1.5244199999999999,1.6,1.0,1.95866,0.92276,1.2,1.6,1.5349,1.37252,90.91666666666667,90.91666666666667,0,0,0.0,0.0,0.0,0.0,0.0,0.0,0.9864951768488746,0.7751033532384015,1.2683509416628387,1.3388148828663298,4.0,0.0,0.25,3.75,4.0,0.0,4.0033,0.2752,1.0,H
a0d042da-26d2-41e9-95a4-52351d0a7d7f,aa777284-716d-4881-a537-6f7fb4d674d0,2026,1,1,2026-08-23T15:30:00+00:00,c4045d6d-a715-4821-a800-cd9b505ad54b,54ed0f97-ad19-421c-a5c2-9b9d3fcbc72d,Newcastle United FC,Liverpool FC,76,76,76,76,1.0,1.0,7.0,1.4,1.4,1.2,1.6049600000000002,1.33224,5.0,1.0,1.8,2.0,1.52928,1.86768,13.0,1.3,1.3,1.3,1.51755,1.93645,12.0,1.2,1.6,1.6,1.54745,1.7459,2.0,1.4,2.02162,2.13356,1.6,2.4,1.41814,2.12506,91.02083333333333,91.02083333333333,0,0,0.0,0.0,0.0,0.0,0.0,0.0,0.9155433287482806,0.9155433287482806,1.1268225584594223,1.1268225584594223,4.0,0.0,0.25,4.5,2.0,2.0,1.5947,3.1313,1.0,D
398ec41a-d7a4-465c-a8c1-0e52e19f9b55,a72785ef-82bc-4ebe-b123-585418c4c1b0,2026,1,1,2026-08-24T19:00:00+00:00,b552a1a6-4302-43ca-884c-0f91ac4f984b,1cb320b2-b42f-4131-8f5f-ef42e7f82540,Fulham FC,Chelsea FC,76,76,76,76,1.0,1.0,7.0,1.4,0.8,1.0,1.27872,1.5469199999999999,4.0,0.8,1.0,2.0,1.01598,1.98692,12.0,1.2,0.7,0.9,1.3651,1.6327000000000003,7.0,0.7,0.9,1.9,1.4047399999999999,1.6325299999999998,1.2,0.6,1.66506,1.11348,1.2,2.0,1.31124,1.59718,92.16666666666667,92.16666666666667,0,0,0.0,0.0,0.0,0.0,0.0,0.0,0.49272311212814646,0.6335011441647598,0.6335011441647598,1.337391304347826,4.0,0.5,0.0,2.75,2.0,3.0,1.4171,2.5838,1.0,A
a1bce3d0-1cc0-4551-a536-571eeb44bd6c,45e503e9-7160-48ff-b8a2-24b6ed6ccab8,2026,2,2,2026-08-28T19:00:00+00:00,74bd08fa-27db-4bb0-8490-f57f6ed6b8e9,33d2f100-682f-4a5e-9aa3-5cc57e1e8571,Crystal Palace FC,Manchester City FC,77,77,76,76,1.0,1.0,2.0,0.4,1.0,2.2,1.75516,2.1925,10.0,2.0,2.0,0.8,2.2911200000000003,1.1922000000000001,7.0,0.7,0.8,1.8,1.6051099999999998,1.7740500000000001,21.0,2.1,2.0,0.9,2.32599,1.26201,1.0,1.0,1.73822,1.80804,1.8,1.0,2.09164,1.2168800000000002,6.208333333333333,5.25,1,1,17.0,7.0,0.0,3.0,0.0,3.0,0.5625570776255708,1.2657534246575344,1.4063926940639269,0.6328767123287672,4.0,0.0,0.25,4.25,1.0,4.0,,,1.0,A
18210b5f-52a4-4088-8c22-5f4ac52c9fc3,1bb0c708-47bb-4ed0-8cc1-a0a3d6851a0e,2026,2,2,2026-08-29T11:30:00+00:00,54ed0f97-ad19-421c-a5c2-9b9d3fcbc72d,5421e81a-b7dd-48b1-9982-42644e8dcf9f,Liverpool FC,Nottingham Forest FC,77,77,76,76,1.0,1.0,3.0,0.6,1.6,2.2,1.8654,1.7468,5.0,1.0,1.4,1.4,1.66678,1.9820600000000002,13.0,1.3,1.7,1.6,1.64336,1.84177,16.0,1.6,2.0,0.9,1.45341,1.50419,1.6,0.8,1.6767600000000003,1.36674,3.0,1.2,1.6954,2.28328,5.833333333333333,6.895833333333333,1,1,10.0,15.0,1.0,0.0,1.0,0.0,1.194259681093394,1.124009111617312,1.40501138952164,0.632255125284738,4.0,0.25,0.25,1.75,2.0,2.0,,,1.0,D
5edf90fa-c857-482f-a592-efdc8c8c8f68,5e696fc9-51dc-49ab-963f-1d3aa6b1ff61,2026,2,2,2026-08-29T14:00:00+00:00,6601a105-9986-4276-89bf-143cdf03198a,60cb8be0-9c1e-4019-8b60-fd9ac2aa9f2d,AFC Bournemouth,Everton FC,77,77,76,76,1.0,1.0,8.0,1.6,1.4,0.8,1.4106999999999998,1.54474,5.0,1.0,1.6,1.8,1.3659000000000001,1.92524,17.0,1.7,1.5,1.0,1.78647,1.71376,9.0,0.9,1.5,1.7,1.36164,1.8368099999999998,1.6,1.0,2.00182,1.1165,1.0,1.8,1.24688,2.1403,6.041666666666667,7.0,1,1,15.0,5.0,0.0,3.0,0.0,3.0,1.053206002728513,0.702137335152342,1.053206002728513,1.1936334697589814,4.0,0.75,0.0,2.5,1.0,1.0,,,1.0,D
1c157e4f-3be4-499d-9a6e-83554156f713,97498ac5-63b2-4e2b-b18c-8c9f8fe51a19,2026,2,2,2026-08-29T14:00:00+00:00,d95bc61c-17e5-44b5-bdb9-ec10e55d1aea,f7968242-f357-4da3-84bc-b49a6f3af9fe,Coventry City FC,Hull City AFC,1,1,0,0,0.0,0.0,0.0,0.0,0.0,3.0,0.5583,1.8542,3.0,3.0,2.0,0.0,1.4963,1.7787,0.0,0.0,0.0,3.0,0.5583,1.8542,3.0,3.0,2.0,0.0,1.4963,1.7787,0.0,0.0,0.0,0.0,0.0,0.0,0.0,0.0,7.791666666666667,7.104166666666667,1,1,18.0,6.0,0.0,3.0,0.0,3.0,0.0,2.1072239890958655,1.404815992730577,0.0,0.0,0.0,0.0,0.0,0.0,1.0,,,1.0,A
ec9d9166-5c36-4524-8360-3962be945d42,569b5142-a1cf-4a93-9eb9-ef85a7b679d0,2026,2,2,2026-08-29T16:30:00+00:00,c23d6b7a-dfaf-44a3-b016-1feb2dddec44,c4045d6d-a715-4821-a800-cd9b505ad54b,Tottenham Hotspur FC,Newcastle United FC,77,77,76,76,1.0,1.0,7.0,1.4,1.0,1.4,1.38546,1.5764,8.0,1.6,1.8,1.4,1.7501200000000001,1.83066,12.0,1.2,0.9,1.4,1.3343099999999999,1.44027,11.0,1.1,1.3,1.4,1.48038,2.06901,1.0,1.8,1.4744,1.3469799999999998,0.6,1.2,1.01348,1.7393399999999999,7.0,6.041666666666667,1,1,17.0,11.0,0.0,1.0,0.0,1.0,0.6326975476839237,0.9841961852861034,0.9138964577656675,0.9841961852861034,4.0,0.0,0.25,3.25,0.0,2.0,,,1.0,A
ae10b13a-425a-4f7b-9230-2bbf9a2d2e6f,9fc4567b-b409-4874-8a32-0c3d9606361c,2026,2,2,2026-08-30T13:00:00+00:00,076f94c9-341e-4294-a86a-076741505170,b552a1a6-4302-43ca-884c-0f91ac4f984b,Sunderland AFC,Fulham FC,39,77,38,76,1.0,1.0,8.0,1.6,1.4,1.0,1.39078,1.2649000000000001,4.0,0.8,1.0,1.6,1.314,1.8824400000000001,14.0,1.4,1.3,1.6,1.4229800000000001,1.5180200000000001,12.0,1.2,0.9,1.1,1.444,1.7415500000000002,0.6,1.4,1.3235800000000002,1.02866,0.2,1.2,1.06514,2.15192,7.958333333333333,5.75,1,1,15.0,14.0,0.0,0.0,0.0,0.0,0.9142468239564429,1.1252268602540836,0.632940108892922,0.7735934664246825,2.0,0.0,0.0,2.5,1.0,0.0,,,1.0,H
f30c9669-8ab9-49a9-9dfb-e9529e40078d,bc30e7e3-c90a-4ac5-9096-c79589548d78,2026,2,2,2026-08-30T13:00:00+00:00,1cb320b2-b42f-4131-8f5f-ef42e7f82540,db14882b-951f-4db5-860b-4ca2b8583311,Chelsea FC,Brighton & Hove Albion FC,77,77,76,76,1.0,1.0,7.0,1.4,1.6,1.8,1.47316,1.76678,6.0,1.2,1.6,1.4,2.2067,1.39932,7.0,0.7,0.8,2.0,1.32424,1.66739,19.0,1.9,1.8,1.0,2.0318300000000002,1.12829,0.6,1.8,1.49824,1.6678799999999998,1.2,1.2,1.48818,1.3817400000000002,5.75,7.0,1,1,8.0,5.0,3.0,3.0,3.0,3.0,0.5630839002267574,1.4077097505668934,1.266938775510204,0.7038548752834467,4.0,0.25,0.0,4.0,4.0,3.0,,,1.0,H
059c77c0-39b8-4158-b59c-f63aafc30289,c08ddd88-8716-4fbf-b0bf-b07e0d8b0b72,2026,2,2,2026-08-30T13:00:00+00:00,fe8b4d06-9254-4fc8-a08f-90f242e51751,66a313d1-2e21-49ad-a1c7-6f04cae6be69,Leeds United FC,Brentford FC,39,77,38,76,1.0,1.0,10.0,2.0,1.2,1.0,1.4258,1.5090999999999999,8.0,1.6,1.8,1.2,1.99834,2.14026,19.0,1.9,1.3,0.8,1.64071,1.22207,12.0,1.2,1.4,1.2,1.8992799999999999,1.71285,1.4,0.4,1.5413599999999998,0.8763400000000001,0.4,1.2,0.88202,2.39038,7.958333333333333,7.854166666666667,1,1,10.0,7.0,3.0,3.0,3.0,3.0,0.9132911392405064,0.5620253164556963,0.9835443037974684,0.8430379746835444,2.0,0.0,1.0,1.0,1.0,1.0,,,1.0,D
84607f83-56d7-4afe-831d-419f634287c3,1e722165-89ab-4ca1-ac5d-bf25de5b4385,2026,2,2,2026-08-30T15:30:00+00:00,48fc005c-cbfc-4e4d-b7f1-459dce6cf940,67d3236c-6589-4978-b178-f6dcf50166d4,Manchester United FC,Ipswich Town FC,77,39,76,38,1.0,1.0,10.0,2.0,1.8,1.2,2.29696,1.26172,4.0,0.8,1.0,1.8,1.14162,1.0125199999999999,20.0,2.0,1.8,1.2,1.8558800000000002,1.4822000000000002,8.0,0.8,1.0,2.1,0.99162,1.97052,2.4,1.6,2.34674,1.6676000000000002,1.2,2.0,1.13118,2.1232800000000003,8.166666666666666,8.0625,1,1,16.0,10.0,0.0,3.0,0.0,3.0,1.2650406504065042,0.8433604336043361,0.7028003613369468,1.4758807588075882,2.0,0.5,0.5,3.5,5.0,2.0,,,1.0,H
e0396de8-3c19-4183-9953-c83902918a31,de74f5e3-8122-4305-ab58-f0cd14d77085,2026,2,2,2026-08-31T19:00:00+00:00,f8f456e7-3e20-4803-ba4e-b1762a31812c,ead1bc2e-8799-410a-a809-66a274bbab2c,Aston Villa FC,Arsenal FC,77,77,76,76,1.0,1.0,7.0,1.4,1.8,2.2,1.5209,1.95382,15.0,3.0,2.0,0.2,2.5016,0.75498,14.0,1.4,1.7,1.9,1.7471900000000002,1.5858700000000001,24.0,2.4,1.6,0.5,2.10237,1.07514,2.4,2.2,2.11814,1.67632,1.8,0.8,2.29148,1.24856,8.25,10.0,1,1,18.0,9.0,0.0,3.0,0.0,3.0,1.1925258892390815,1.3328230526789735,1.1223773075191357,0.35074290859972984,4.0,0.25,0.25,3.5,0.0,1.0,,,1.0,A
9d3cfa74-64da-41ac-9274-ff315bb0e87f,7809cb85-f8a1-4694-a381-204accd7a66f,2026,3,3,2026-09-04T19:00:00+00:00,67d3236c-6589-4978-b178-f6dcf50166d4,54ed0f97-ad19-421c-a5c2-9b9d3fcbc72d,Ipswich Town FC,Liverpool FC,40,78,38,76,1.0,1.0,3.0,0.6,1.0,2.4,1.18292,1.12082,4.0,0.8,1.6,2.0,1.9297799999999998,1.50558,5.0,0.5,1.0,2.5,0.98536,1.9058800000000002,13.0,1.3,1.8,1.7,1.6482800000000002,1.86113,0.8,2.2,0.85206,1.8177600000000003,1.8,2.4,1.6099599999999998,2.3167999999999997,5.145833333333333,6.3125,2,2,12.0,13.0,1.5,1.0,3.0,2.0,0.702070207020702,1.7551755175517552,1.2637263726372636,1.1935193519351934,2.0,0.0,0.0,3.5,0.0,2.0,,,1.0,A
96164213-6a63-4c25-b1c0-3c6458beefbf,cd5537e1-5eb0-43c5-a297-674ead697ae7,2026,3,3,2026-09-05T11:30:00+00:00,c4045d6d-a715-4821-a800-cd9b505ad54b,6601a105-9986-4276-89bf-143cdf03198a,Newcastle United FC,AFC Bournemouth,78,78,76,76,1.0,1.0,8.0,1.6,1.6,1.2,1.39426,1.7264399999999998,6.0,1.2,1.0,1.0,1.22144,1.6790800000000001,11.0,1.1,1.4,1.4,1.51213,2.0315000000000003,17.0,1.7,1.6,1.1,1.6844899999999998,1.68106,2.0,1.6,1.94728,2.3986799999999997,1.4,1.0,1.5607,2.1102800000000004,6.791666666666667,6.895833333333333,2,2,7.0,15.0,2.0,0.5,4.0,1.0,0.983273381294964,0.983273381294964,1.1237410071942446,0.7725719424460432,4.0,0.0,0.5,2.5,2.0,2.0,,,1.0,D
d2b07b70-893e-44b5-8cf6-70c9005ddff6,5efaaf55-7d7f-44ac-b309-31bf6d673159,2026,3,3,2026-09-05T14:00:00+00:00,db14882b-951f-4db5-860b-4ca2b8583311,fe8b4d06-9254-4fc8-a08f-90f242e51751,Brighton & Hove Albion FC,Leeds United FC,78,40,76,38,1.0,1.0,6.0,1.2,2.0,1.6,2.1024800000000003,1.04346,8.0,1.6,0.8,1.0,1.2767,1.69218,16.0,1.6,2.0,1.4,2.054,1.19738,19.0,1.9,1.4,0.9,1.66215,1.30455,2.4,0.8,2.5754799999999998,0.8748400000000001,1.2,1.4,1.69058,1.63154,6.041666666666667,6.041666666666667,2,2,10.0,9.0,1.5,2.0,3.0,4.0,1.4039497307001796,0.9827648114901256,0.9827648114901256,0.6317773788150808,2.0,0.5,0.0,2.0,1.0,1.0,,,1.0,D
86b7b0b0-b4ec-490f-bc5b-ab69fff9bf02,c6cc5132-26a7-47d3-bf59-c9f7642a6f39,2026,3,3,2026-09-05T14:00:00+00:00,66a313d1-2e21-49ad-a1c7-6f04cae6be69,076f94c9-341e-4294-a86a-076741505170,Brentford FC,Sunderland AFC,78,40,76,38,1.0,1.0,6.0,1.2,1.4,1.4,1.8135999999999999,2.25948,10.0,2.0,1.4,0.8,1.47598,1.14264,12.0,1.2,1.3,1.1,1.7546199999999998,1.66781,17.0,1.7,1.4,1.5,1.49207,1.5401900000000002,2.0,0.8,2.49188,1.1387800000000001,2.0,1.8,1.52238,2.00738,6.041666666666667,6.041666666666667,2,2,9.0,12.0,2.0,1.5,4.0,3.0,0.912914798206278,0.7724663677130045,0.9831390134529147,1.0533632286995516,2.0,0.5,0.0,3.0,1.0,1.0,,,1.0,D
cc88bb4e-f0be-40db-b9f9-74e7ed7ec168,cfd379c0-f565-450f-8422-a4c6ca2db18f,2026,3,3,2026-09-05T14:00:00+00:00,b552a1a6-4302-43ca-884c-0f91ac4f984b,74bd08fa-27db-4bb0-8490-f57f6ed6b8e9,Fulham FC,Crystal Palace FC,78,78,76,76,1.0,1.0,4.0,0.8,1.0,1.2,1.44466,1.3342800000000001,1.0,0.2,0.8,2.6,1.3675,2.04196,11.0,1.1,0.9,1.2,1.4856,1.79445,6.0,0.6,0.9,2.2,1.6875900000000001,1.7954899999999998,1.6,1.0,1.82286,1.33118,0.6,2.6,1.472,1.7400600000000002,6.041666666666667,7.791666666666667,2,2,16.0,18.0,0.0,0.0,0.0,0.0,0.632258064516129,0.8430107526881719,0.632258064516129,1.5455197132616487,4.0,0.25,0.25,2.25,2.0,3.0,,,1.0,A
00530327-773f-42a0-8853-53697753e6e8,a6077902-ad6d-45f0-82b6-17e47058e959,2026,3,3,2026-09-05T14:00:00+00:00,33d2f100-682f-4a5e-9aa3-5cc57e1e8571,d95bc61c-17e5-44b5-bdb9-ec10e55d1aea,Manchester City FC,Coventry City FC,78,2,76,0,1.0,0.0,10.0,2.0,2.2,1.0,1.68626,1.3282,0.0,0.0,0.0,2.0,0.95415,1.6021,23.0,2.3,2.3,0.9,2.26553,1.3481100000000001,0.0,0.0,0.0,2.0,0.95415,1.6021,2.2,0.8,2.56034,1.30714,0.0,3.0,0.5583,1.8542,7.791666666666667,7.0,2,1,1.0,18.0,3.0,0.0,6.0,0.0,1.6142154671434956,0.6316495306213679,0.0,1.4036656236030398,0.0,0.0,0.0,0.0,1.0,0.0,,,1.0,H
747a812b-a3b9-43ec-a598-f23ed70f2a96,17cf52f3-5c67-4174-8f83-ece495d819ca,2026,3,3,2026-09-05T14:00:00+00:00,5421e81a-b7dd-48b1-9982-42644e8dcf9f,c23d6b7a-dfaf-44a3-b016-1feb2dddec44,Nottingham Forest FC,Tottenham Hotspur FC,78,78,76,76,1.0,1.0,3.0,0.6,1.2,1.6,1.4747400000000002,1.8178,4.0,0.8,0.6,1.6,1.4309999999999998,1.7245000000000001,16.0,1.6,2.2,1.1,1.50631,1.54579,11.0,1.1,0.8,1.5,1.35367,1.44519,1.4,1.0,1.2945,1.08362,0.8,1.4,1.22218,1.65644,7.104166666666667,6.895833333333333,2,2,16.0,18.0,0.5,0.0,1.0,0.0,1.5453083109919572,0.7726541554959786,0.5619302949061662,1.0536193029490617,4.0,1.0,0.0,2.5,0.0,0.0,,,1.0,D
933d23a8-a2f7-47a0-a673-9e4c304da3e5,d54fd1d3-ae73-4535-89d2-246f9503855b,2026,3,3,2026-09-05T16:30:00+00:00,f7968242-f357-4da3-84bc-b49a6f3af9fe,f8f456e7-3e20-4803-ba4e-b1762a31812c,Hull City AFC,Aston Villa FC,2,78,0,76,0.0,1.0,6.0,3.0,1.5,0.0,1.4231500000000001,1.5643500000000001,7.0,1.4,1.6,2.0,1.669,1.99936,6.0,3.0,1.5,0.0,1.4231500000000001,1.5643500000000001,14.0,1.4,1.6,1.7,1.76112,1.55305,2.0,0.0,1.4963,1.7787,1.0,1.8,1.3477999999999999,1.83754,7.104166666666667,4.895833333333333,1,2,3.0,20.0,3.0,0.0,6.0,0.0,1.0549597855227881,0.0,1.1252904378909743,1.19562109025916,0.0,0.0,0.0,0.0,0.0,0.0,,,1.0,D
898d9293-f07f-4109-9c68-7e394c00ab6d,3184d9a9-c965-44f9-83d7-0b0b214f7498,2026,3,3,2026-09-06T13:00:00+00:00,60cb8be0-9c1e-4019-8b60-fd9ac2aa9f2d,48fc005c-cbfc-4e4d-b7f1-459dce6cf940,Everton FC,Manchester United FC,78,78,76,76,1.0,1.0,5.0,1.0,1.2,1.4,1.29878,1.91182,10.0,2.0,2.2,1.2,2.05574,1.3261,10.0,1.0,1.6,1.6,1.37879,1.78095,20.0,2.0,2.0,1.3,1.82306,1.49613,2.0,1.6,1.4764,1.53332,1.2,0.8,1.36502,1.2968,7.958333333333333,6.895833333333333,1,1,10.0,12.0,2.0,1.5,4.0,3.0,1.1267202859696157,1.1267202859696157,1.4084003574620196,0.9154602323503128,4.0,0.25,0.25,2.5,2.0,2.0,,,1.0,D
0652f69f-f4d2-478b-8dec-aa59a54a7368,04758722-9f5d-423f-af5c-d34bb5c6bce3,2026,3,3,2026-09-06T15:30:00+00:00,ead1bc2e-8799-410a-a809-66a274bbab2c,1cb320b2-b42f-4131-8f5f-ef42e7f82540,Arsenal FC,Chelsea FC,78,78,76,76,1.0,1.0,15.0,3.0,1.6,0.2,1.95344,0.8856400000000001,10.0,2.0,2.2,1.8,1.3089,1.57474,24.0,2.4,1.6,0.5,2.1858899999999997,1.11822,10.0,1.0,1.2,2.2,1.28673,1.6991399999999999,1.8,0.4,2.19494,0.74268,1.0,2.2,1.15024,1.6669,5.854166666666667,7.104166666666667,1,2,3.0,4.0,3.0,3.0,6.0,6.0,1.1261373773416594,0.35191793041926855,0.8446030330062445,1.5484388938447817,4.0,0.5,0.5,2.0,2.0,1.0,,,1.0,H
f288b27e-ace5-49c3-9d4e-a0f947819523,758db9f1-af2f-44f4-bd52-5c7ef1084905,2026,4,4,2026-09-12T14:00:00+00:00,74bd08fa-27db-4bb0-8490-f57f6ed6b8e9,67d3236c-6589-4978-b178-f6dcf50166d4,Crystal Palace FC,Ipswich Town FC,79,41,76,38,1.0,1.0,4.0,0.8,1.4,2.4,1.55172,1.9205999999999999,3.0,0.6,1.0,2.6,1.30944,1.12666,6.0,0.6,1.0,2.3,1.5086600000000001,1.80319,5.0,0.5,0.9,2.5,1.03312,1.75992,1.2,1.8,1.90318,1.85092,1.2,2.8,1.11866,1.9940000000000002,7.0,7.791666666666667,1,2,14.0,13.0,1.0,1.0,3.0,3.0,0.7037861915367484,1.618708240534521,0.6334075723830735,1.7594654788418709,2.0,1.0,0.0,1.0,2.0,3.0,,,1.0,A
5bc3cd0c-813f-4861-aa60-deb0baf6d226,205cd4d4-4af6-41e6-88bf-195faec07dd5,2026,4,4,2026-09-12T14:00:00+00:00,54ed0f97-ad19-421c-a5c2-9b9d3fcbc72d,b552a1a6-4302-43ca-884c-0f91ac4f984b,Liverpool FC,Fulham FC,79,79,76,76,1.0,1.0,6.0,1.2,1.8,1.8,2.07514,1.65614,4.0,0.8,1.4,1.6,1.466,1.4046800000000002,16.0,1.6,1.9,1.5,1.6876000000000002,1.65317,8.0,0.8,0.8,1.4,1.27216,1.73689,1.8,1.0,1.6865999999999999,1.4054600000000002,0.2,1.4,1.14834,2.25772,7.791666666666667,7.0,1,2,7.0,19.0,1.6666666666666667,0.0,5.0,0.0,1.335911111111111,1.0546666666666666,0.5624888888888889,0.9843555555555555,4.0,0.25,0.5,3.75,0.0,0.0,,,1.0,D
83b5a44a-330a-481e-920a-ac30cc60f539,f3c54a65-6322-4753-b353-fb678b29432d,2026,4,4,2026-09-12T14:00:00+00:00,f8f456e7-3e20-4803-ba4e-b1762a31812c,5421e81a-b7dd-48b1-9982-42644e8dcf9f,Aston Villa FC,Nottingham Forest FC,79,79,76,76,1.0,1.0,7.0,1.4,1.2,1.6,1.58802,1.9269000000000003,3.0,0.6,1.0,1.4,1.45188,1.7576600000000002,12.0,1.2,1.4,1.7,1.6475899999999999,1.61204,14.0,1.4,1.9,1.1,1.4868999999999999,1.5189,2.2,1.6,2.1744399999999997,1.2685600000000001,3.0,1.2,1.71812,2.0079599999999997,6.895833333333333,7.0,2,1,19.0,16.0,0.3333333333333333,0.6666666666666666,1.0,2.0,0.9855999999999999,1.1968,1.3376,0.7744000000000001,4.0,0.5,0.25,3.0,1.0,2.0,,,1.0,A
e62252e4-b9ff-4985-9cd4-cbfb6e83a872,4c43d27e-d851-477f-8af2-81108e82e3fa,2026,4,4,2026-09-12T14:00:00+00:00,6601a105-9986-4276-89bf-143cdf03198a,66a313d1-2e21-49ad-a1c7-6f04cae6be69,AFC Bournemouth,Brentford FC,79,79,76,76,1.0,1.0,4.0,0.8,1.2,1.4,1.29184,1.70042,7.0,1.4,1.6,1.0,1.9496000000000002,1.65462,17.0,1.7,1.6,1.1,1.64283,1.64149,12.0,1.2,1.4,1.2,1.8594000000000002,1.7610800000000002,1.8,1.2,1.8082799999999999,1.25184,0.6,1.4,1.01736,2.19684,7.104166666666667,7.0,2,2,16.0,7.0,0.6666666666666666,1.6666666666666667,2.0,5.0,1.1263204616067466,0.7743453173546383,0.9855304039059032,0.8447403462050599,4.0,0.0,0.25,3.25,2.0,2.0,,,1.0,D
fa13b610-ba7e-46ab-94cb-644fb047dc23,2066d9a7-530c-4d83-8fe6-13f71dcf1d97,2026,4,4,2026-09-12T14:00:00+00:00,1cb320b2-b42f-4131-8f5f-ef42e7f82540,f7968242-f357-4da3-84bc-b49a6f3af9fe,Chelsea FC,Hull City AFC,79,3,76,0,1.0,0.0,9.0,1.8,2.2,2.0,1.45946,1.7201,7.0,2.3333333333333335,1.0,0.0,1.3987666666666667,1.4929,10.0,1.0,1.3,2.1,1.28659,1.68961,7.0,2.3333333333333335,1.0,0.0,1.3987666666666667,1.4929,1.4,2.2,1.4232200000000002,1.7313800000000001,1.0,0.0,1.35,1.35,5.9375,6.895833333333333,2,2,6.0,3.0,2.0,2.3333333333333335,6.0,7.0,0.9146654851572884,1.477536552946389,0.7035888347363757,0.0,0.0,0.0,0.0,0.0,2.0,2.0,,,1.0,D
347708e9-da1e-43c3-b27b-828a6f999f49,7ed60e45-d28b-42bf-ba37-6c1e049f38b0,2026,4,4,2026-09-12T16:30:00+00:00,c23d6b7a-dfaf-44a3-b016-1feb2dddec44,60cb8be0-9c1e-4019-8b60-fd9ac2aa9f2d,Tottenham Hotspur FC,Everton FC,79,79,76,76,1.0,1.0,4.0,0.8,0.4,1.4,1.40292,1.62054,5.0,1.0,1.2,1.4,1.14824,1.52416,12.0,1.2,0.8,1.2,1.3267799999999998,1.42578,8.0,0.8,1.5,1.8,1.3692600000000001,1.78081,0.8,1.6,1.48516,1.23394,1.2,1.6,1.28118,2.02858,7.104166666666667,6.145833333333333,2,1,18.0,9.0,0.3333333333333333,1.6666666666666667,1.0,5.0,0.5625829279080053,0.843874391862008,1.05484298982751,1.265811587793012,4.0,0.75,0.0,3.25,0.0,0.0,,,1.0,D
faef399d-6d8d-4123-90c1-03c142d883ae,4265b078-8cc6-47a1-906d-35056183d7c6,2026,4,4,2026-09-12T19:00:00+00:00,076f94c9-341e-4294-a86a-076741505170,ead1bc2e-8799-410a-a809-66a274bbab2c,Sunderland AFC,Arsenal FC,41,79,38,76,1.0,1.0,10.0,2.0,1.6,1.0,1.4984600000000001,1.3054400000000002,15.0,3.0,1.8,0.4,1.9375399999999998,0.89162,15.0,1.5,1.3,1.5,1.3604100000000001,1.54848,24.0,2.4,1.6,0.6,2.13003,1.13537,0.8,1.2,1.4617600000000002,1.073,1.2,0.6,1.8980799999999998,1.4419,7.208333333333333,6.145833333333333,2,2,14.0,2.0,1.3333333333333333,3.0,4.0,9.0,0.9153471915081822,1.056169836355595,1.126581158779301,0.4224679345422379,2.0,0.0,0.5,3.5,0.0,2.0,,,1.0,A
0db54b8e-afb9-42b2-b208-08acb23afedc,045b672a-9b5f-4d27-9af9-e2137c7c09a1,2026,4,4,2026-09-13T13:00:00+00:00,d95bc61c-17e5-44b5-bdb9-ec10e55d1aea,db14882b-951f-4db5-860b-4ca2b8583311,Coventry City FC,Brighton & Hove Albion FC,3,79,0,76,0.0,1.0,0.0,0.0,0.0,1.6666666666666667,1.0861,1.5180666666666667,4.0,0.8,1.6,1.8,1.9276200000000003,1.21034,0.0,0.0,0.0,1.6666666666666667,1.0861,1.5180666666666667,14.0,1.4,1.9,1.4,1.84604,1.2367000000000001,0.0,1.0,1.35,1.35,1.6,2.0,1.53252,1.5199200000000002,7.958333333333333,7.958333333333333,1,2,20.0,12.0,0.0,1.3333333333333333,0.0,4.0,0.0,1.1739578730299014,1.3383119752540875,0.986124613345117,0.0,0.0,0.0,0.0,0.0,5.0,,,1.0,A
959f3725-63f2-4f23-9842-098c1a703132,333e0c61-325b-4bb4-a644-cc3ab0695aff,2026,4,4,2026-09-13T15:30:00+00:00,48fc005c-cbfc-4e4d-b7f1-459dce6cf940,33d2f100-682f-4a5e-9aa3-5cc57e1e8571,Manchester United FC,Manchester City FC,79,79,76,76,1.0,1.0,10.0,2.0,2.6,1.6,2.21854,1.3485800000000001,10.0,2.0,1.8,1.0,1.5649000000000002,1.51242,20.0,2.0,2.0,1.3,1.78349,1.4544700000000002,23.0,2.3,2.1,0.9,2.1596900000000003,1.3610000000000002,2.8,1.8,2.2811,1.69546,2.4,1.0,1.97072,1.38908,7.104166666666667,8.0625,2,1,13.0,2.0,1.3333333333333333,3.0,4.0,9.0,1.4074074074074074,0.9148148148148149,1.4777777777777779,0.6333333333333334,4.0,0.5,0.25,2.0,0.0,1.0,,,1.0,A
6bfb00df-530b-4c54-a34c-e78ae3944238,71e6ed36-bed6-48c3-ad05-7a5b63555bf5,2026,4,4,2026-09-14T19:00:00+00:00,fe8b4d06-9254-4fc8-a08f-90f242e51751,c4045d6d-a715-4821-a800-cd9b505ad54b,Leeds United FC,Newcastle United FC,41,79,38,76,1.0,1.0,8.0,1.6,0.8,1.0,1.1727400000000001,1.6641000000000001,8.0,1.6,1.8,1.4,1.33412,1.70358,19.0,1.9,1.5,1.0,1.7554200000000002,1.40933,12.0,1.2,1.5,1.4,1.52042,1.89984,1.6,0.4,1.6337199999999998,0.9775600000000001,0.8,1.2,1.07698,1.66432,9.208333333333334,9.3125,1,1,11.0,10.0,1.6666666666666667,1.6666666666666667,5.0,5.0,1.0564125165271043,0.7042750110180696,1.0564125165271043,0.9859850154252974,2.0,0.0,0.5,3.5,4.0,1.0,,,1.0,H
